<?xml version="1.0" encoding="UTF-8"?>
<web-app xmlns:xsi="http://www.w3.org/2001/XMLSchema-instance" xmlns="http://java.sun.com/xml/ns/javaee" xmlns:web="http://java.sun.com/xml/ns/javaee/web-app_2_5.xsd" xsi:schemaLocation="http://java.sun.com/xml/ns/javaee http://java.sun.com/xml/ns/javaee/web-app_2_5.xsd" id="WebApp_ID" version="2.5">
  <display-name>WebApp</display-name>
  <welcome-file-list>
    <welcome-file>index.html</welcome-file>
    <welcome-file>index.htm</welcome-file>
    <welcome-file>index.jsp</welcome-file>
    <welcome-file>default.html</welcome-file>
    <welcome-file>default.htm</welcome-file>
    <welcome-file>default.jsp</welcome-file>
  </welcome-file-list>
<jsp-config>
    <jsp-property-group>   
        <description>      
            Special property group for JSP Configuration JSP example.   
        </description>
        <display-name>JSPConfiguration</display-name>
        <url-pattern>*.jsp</url-pattern>
        <el-ignored>true</el-ignored>
        <page-encoding>utf-8</page-encoding>
        <scripting-invalid>false</scripting-invalid>
        <include-prelude></include-prelude>
        <include-coda></include-coda>
    </jsp-property-group>
    
    
    <jsp-property-group>   
        <description>      
            Special property group for JSP Configuration JSP example.   
        </description>
        <display-name>JSPConfiguration</display-name>
        <url-pattern>*.java</url-pattern>
        <el-ignored>true</el-ignored>
        <page-encoding>utf-8</page-encoding>
        <scripting-invalid>false</scripting-invalid>
        <include-prelude></include-prelude>
        <include-coda></include-coda>
    </jsp-property-group>
    
    <jsp-property-group>   
        <description>      
            Special property group for JSP Configuration JSP example.   
        </description>
        <display-name>JSPConfiguration</display-name>
        <url-pattern>*.html</url-pattern>
        <el-ignored>true</el-ignored>
        <page-encoding>utf-8</page-encoding>
        <scripting-invalid>false</scripting-invalid>
        <include-prelude></include-prelude>
        <include-coda></include-coda>
    </jsp-property-group>
    
    
    <jsp-property-group>   
        <description>      
            Special property group for JSP Configuration JSP example.   
        </description>
        <display-name>JSPConfiguration</display-name>
        <url-pattern>*.txt</url-pattern>
        <el-ignored>true</el-ignored>
        <page-encoding>utf-8</page-encoding>
        <scripting-invalid>false</scripting-invalid>
        <include-prelude></include-prelude>
        <include-coda></include-coda>
    </jsp-property-group>
    
    </jsp-config>
    
</web-app>